time,seconds_elapsed,steps
1773522843552669200,26.801669189453126,8
1773522846122492000,29.371491943359374,9
1773522848692319500,31.941319580078126,9
1773522851262138400,34.51113842773437,10
